sfa,Hufflepuff,chaser
sfa,Hufflepuff,chaser
mngfvjkhm,Ravenclaw,chaser
mngfvjkhm,Gryffindor,keeper
mngfvjkhm,Gryffindor,keeper
mngfvjkhm,Gryffindor,keeper
mngfvjkhm,Hufflepuff,chaser
mngfvjkhm,Gryffindor,keeper
mngfvjkhm,Hufflepuff,chaser
sfa,Gryffindor,beater
sfa,Gryffindor,beater
mngfvjkhm,Gryffindor,chaser
Mher,Gryffindor,keeper
Hayk,Gryffindor,chaserHayk,Gryffindor,chaser
hhhh,Hufflepuff,chaser
asdas,Hufflepuff,chaser
sfa,Hufflepuff,chaser
sfa,Hufflepuff,seeker
sfa,Gryffindor,chaser
sfa,Gryffindor,chaser
sfa,Gryffindor,chaser
sfa,Gryffindor,chaser
mngfvjkhm,Gryffindor,beater
Hayk,Hufflepuff,beater
HaykA,Gryffindor,keeper
